Datetime,Water Level (m)
2026-02-15 12:00:00,0.15724069
2026-02-15 13:00:00,-0.029818613
2026-02-15 14:00:00,-0.18091647
2026-02-15 15:00:00,-0.29273105
2026-02-15 16:00:00,-0.3964259
2026-02-15 17:00:00,-0.44459876
2026-02-15 18:00:00,-0.47056973
2026-02-15 19:00:00,-0.3630667
2026-02-15 20:00:00,-0.08036061
2026-02-15 21:00:00,0.15049115
2026-02-15 22:00:00,0.31880197
2026-02-15 23:00:00,0.4260314
2026-02-16 00:00:00,0.42099732
2026-02-16 01:00:00,0.279955
2026-02-16 02:00:00,0.06709077
2026-02-16 03:00:00,-0.10983617
2026-02-16 04:00:00,-0.21742328
2026-02-16 05:00:00,-0.29370517
2026-02-16 06:00:00,-0.3468287
2026-02-16 07:00:00,-0.39708516
2026-02-16 08:00:00,-0.35025895
2026-02-16 09:00:00,-0.05580244
2026-02-16 10:00:00,0.16684203
2026-02-16 11:00:00,0.29379612
2026-02-16 12:00:00,0.3170306
2026-02-16 13:00:00,0.18750127
2026-02-16 14:00:00,-0.020916928
2026-02-16 15:00:00,-0.15762793
2026-02-16 16:00:00,-0.28186986
2026-02-16 17:00:00,-0.36205786
2026-02-16 18:00:00,-0.4118307
2026-02-16 19:00:00,-0.44303176
2026-02-16 20:00:00,-0.24855177
2026-02-16 21:00:00,0.08032808
2026-02-16 22:00:00,0.2885373
2026-02-16 23:00:00,0.44701716
2026-02-17 00:00:00,0.5069245
2026-02-17 01:00:00,0.4154892
2026-02-17 02:00:00,0.20822456
2026-02-17 03:00:00,0.00029223872
2026-02-17 04:00:00,-0.14071186
2026-02-17 05:00:00,-0.23256862
2026-02-17 06:00:00,-0.2926641
2026-02-17 07:00:00,-0.34869552
2026-02-17 08:00:00,-0.38367063
2026-02-17 09:00:00,-0.14421423
2026-02-17 10:00:00,0.15769753
2026-02-17 11:00:00,0.32239202
2026-02-17 12:00:00,0.41596386
2026-02-17 13:00:00,0.3734551
2026-02-17 14:00:00,0.16947718
2026-02-17 15:00:00,-0.024250887
2026-02-17 16:00:00,-0.1588367
2026-02-17 17:00:00,-0.26885337
2026-02-17 18:00:00,-0.3276213
2026-02-17 19:00:00,-0.37713742
2026-02-17 20:00:00,-0.36840016
2026-02-17 21:00:00,-0.019170819
2026-02-17 22:00:00,0.27461934
2026-02-17 23:00:00,0.4574336
2026-02-18 00:00:00,0.57996315
2026-02-18 01:00:00,0.5745432
2026-02-18 02:00:00,0.4051818
2026-02-18 03:00:00,0.1785116
2026-02-18 04:00:00,-0.013720225
2026-02-18 05:00:00,-0.12975478
2026-02-18 06:00:00,-0.20787668
2026-02-18 07:00:00,-0.26553684
2026-02-18 08:00:00,-0.32246202
2026-02-18 09:00:00,-0.25229213
2026-02-18 10:00:00,0.11892062
2026-02-18 11:00:00,0.34775832
2026-02-18 12:00:00,0.49031588
2026-02-18 13:00:00,0.5274412
2026-02-18 14:00:00,0.4006102
2026-02-18 15:00:00,0.17010081
2026-02-18 16:00:00,-0.006118557
2026-02-18 17:00:00,-0.14260663
2026-02-18 18:00:00,-0.23017098
2026-02-18 19:00:00,-0.28632987
2026-02-18 20:00:00,-0.33404928
2026-02-18 21:00:00,-0.19310209
2026-02-18 22:00:00,0.1934642
2026-02-18 23:00:00,0.4211409
2026-02-19 00:00:00,0.58898157
2026-02-19 01:00:00,0.652923
2026-02-19 02:00:00,0.5546941
2026-02-19 03:00:00,0.33740982
2026-02-19 04:00:00,0.11939531
2026-02-19 05:00:00,-0.03631898
2026-02-19 06:00:00,-0.13124727
2026-02-19 07:00:00,-0.19711687
2026-02-19 08:00:00,-0.25873825
2026-02-19 09:00:00,-0.29525775
2026-02-19 10:00:00,-0.0016215327
2026-02-19 11:00:00,0.31180108
2026-02-19 12:00:00,0.4833152
2026-02-19 13:00:00,0.5845733
2026-02-19 14:00:00,0.5468983
2026-02-19 15:00:00,0.33765477
2026-02-19 16:00:00,0.121314354
2026-02-19 17:00:00,-0.035770394
2026-02-19 18:00:00,-0.15123191
2026-02-19 19:00:00,-0.2187303
2026-02-19 20:00:00,-0.27673355
2026-02-19 21:00:00,-0.3029189
2026-02-19 22:00:00,0.012693657
2026-02-19 23:00:00,0.33347994
2026-02-20 00:00:00,0.5177381
2026-02-20 01:00:00,0.6403791
2026-02-20 02:00:00,0.63312536
2026-02-20 03:00:00,0.44877133
2026-02-20 04:00:00,0.21737684
2026-02-20 05:00:00,0.031655498
2026-02-20 06:00:00,-0.088891864
2026-02-20 07:00:00,-0.16614068
2026-02-20 08:00:00,-0.2274508
2026-02-20 09:00:00,-0.28797612
2026-02-20 10:00:00,-0.23094943
2026-02-20 11:00:00,0.15698572
2026-02-20 12:00:00,0.39983845
2026-02-20 13:00:00,0.54976535
2026-02-20 14:00:00,0.59932727
2026-02-20 15:00:00,0.4875321
2026-02-20 16:00:00,0.25605989
2026-02-20 17:00:00,0.06373625
2026-02-20 18:00:00,-0.07851335
2026-02-20 19:00:00,-0.17329392
2026-02-20 20:00:00,-0.23497841
2026-02-20 21:00:00,-0.29254773
2026-02-20 22:00:00,-0.24911311
2026-02-20 23:00:00,0.14207506
2026-02-21 00:00:00,0.3987668
2026-02-21 01:00:00,0.55934626
2026-02-21 02:00:00,0.62811947
2026-02-21 03:00:00,0.5361936
2026-02-21 04:00:00,0.30887398
2026-02-21 05:00:00,0.100494176
2026-02-21 06:00:00,-0.052318424
2026-02-21 07:00:00,-0.1505313
2026-02-21 08:00:00,-0.21159606
2026-02-21 09:00:00,-0.26643074
2026-02-21 10:00:00,-0.304831
2026-02-21 11:00:00,-0.0466755
2026-02-21 12:00:00,0.28360954
